Reference Link,Company Name,Company Website
https://segment.com/catalog/integrations/source/launchdarkly/,LaunchDarkly Integration,
https://segment.com/catalog/integrations/source/configcat/,ConfigCat Integration,
https://segment.com/catalog/integrations/source/commandbar/,CommandBar Integration,
https://segment.com/catalog/integrations/source/amplitude-cohorts/,Amplitude Cohorts Integration,
https://segment.com/catalog/integrations/destination/visual-website-optimizer/,VWO Integration,
https://segment.com/catalog/integrations/destination/vespucci/,Vespucci Integration,
https://segment.com/catalog/integrations/destination/trackier/,Trackier Integration,
https://segment.com/catalog/integrations/destination/taplytics/,Taplytics Integration,
https://segment.com/catalog/integrations/destination/statsig/,Statsig Integration,
https://segment.com/catalog/integrations/destination/proof/,Proof Experiences Integration,
https://segment.com/catalog/integrations/destination/posthog/,PostHog Integration,
https://segment.com/catalog/integrations/destination/optimizelyx/,Optimizely X Integration,
https://segment.com/catalog/integrations/destination/optimizely/,Optimizely Web Integration,
https://segment.com/catalog/integrations/destination/ninetailed/,Ninetailed by Contentful Integration,
https://segment.com/catalog/integrations/destination/monetate/,Monetate Integration,
https://segment.com/catalog/integrations/destination/markettailor/,Markettailor Integration,
https://segment.com/catalog/integrations/destination/leanplum/,Leanplum Integration,
https://segment.com/catalog/integrations/destination/kana/,Kana Integration,
https://segment.com/catalog/integrations/destination/insider/,Insider Integration,
https://segment.com/catalog/integrations/destination/funnelfox/,FunnelFox Integration,
https://segment.com/catalog/integrations/destination/funnelenvy/,FunnelEnvy Integration,
https://segment.com/catalog/integrations/destination/freshmarketer/,Freshmarketer Integration,
https://segment.com/catalog/integrations/destination/flagshipio/,Flagship.io Integration,
https://segment.com/catalog/integrations/destination/exponea/,Bloomreach Engagement Integration,
https://segment.com/catalog/integrations/destination/experiments-by-growthhackers/,Experiments by Growthhackers Integration,
https://segment.com/catalog/integrations/destination/customfitai/,CustomFit.ai Integration,
https://segment.com/catalog/integrations/destination/criteo-offline-conversions/,Criteo Offline Conversions Integration,
https://segment.com/catalog/integrations/destination/contentstack-web/,Contentstack Web Integration,
https://segment.com/catalog/integrations/destination/conscia-ai/,Conscia.ai Integration,
https://segment.com/catalog/integrations/destination/apptimize/,Apptimize Integration,
https://segment.com/catalog/integrations/destination/algolia/,Algolia Insights Integration,
https://segment.com/catalog/integrations/destination/adlearn-open-platform/,AdLearn Open Platform Integration,
https://segment.com/catalog/integrations/destination/actions-optimizely-feature-experimentation-cloud/,Optimizely Feature Experimentation (Actions) Integration,
https://segment.com/catalog/integrations/destination/actions-optimizely-advanced-audience-targeting/,Optimizely Advanced Audience Targeting Integration,
https://segment.com/catalog/integrations/destination/actions-launchdarkly-audiences/,LaunchDarkly Audiences Integration,
https://segment.com/catalog/integrations/destination/actions-kameleoon/,Kameleoon (Actions) Integration,
https://segment.com/catalog/integrations/destination/actions-dynamic-yield-audiences/,Dynamic Yield by Mastercard Audiences Integration,
https://segment.com/catalog/integrations/destination/actions-contentstack/,Contentstack Cloud Integration,
https://segment.com/catalog/integrations/destination/actions-amplitude/,Amplitude Integration,
https://segment.com/catalog/integrations/destination/actions-absmartly/,ABsmartly (Actions) Integration,
https://segment.com/catalog/integrations/destination/ab-tasty-client-side/,AB Tasty Integration,
https://segment.com/catalog/integrations/destination/2mee/,2mee Integration,
https://segment.com/catalog/integrations/source/provesource/,ProveSource Integration,
https://segment.com/catalog/integrations/source/facebook-ads/,Facebook Ads Integration,
https://segment.com/catalog/integrations/destination/zaius/,Zaius Integration,
https://segment.com/catalog/integrations/destination/yellowhammer/,YellowHammer Integration,
https://segment.com/catalog/integrations/destination/twitter-ads/,Twitter Ads Integration,
https://segment.com/catalog/integrations/destination/tv-squared/,Innovid Integration,
https://segment.com/catalog/integrations/destination/trafficguard/,TrafficGuard Integration,
https://segment.com/catalog/integrations/destination/snapchat-audiences/,Snapchat Audiences Integration,
https://segment.com/catalog/integrations/destination/simplereach/,SimpleReach Integration,
https://segment.com/catalog/integrations/destination/shareasale/,ShareASale Integration,
https://segment.com/catalog/integrations/destination/rokt-integration/,Rokt Integration,
https://segment.com/catalog/integrations/destination/radiumone-connect/,RadiumOne Connect Integration,
https://segment.com/catalog/integrations/destination/quora-conversion-pixel/,Quora Conversion Pixel Integration,
https://segment.com/catalog/integrations/destination/quanticmind/,Quanticmind Integration,
https://segment.com/catalog/integrations/destination/quantcast/,Quantcast Integration,
https://segment.com/catalog/integrations/destination/podsights/,Podsights Integration,
https://segment.com/catalog/integrations/destination/pinterest-tag/,Pinterest Tag Integration,
https://segment.com/catalog/integrations/destination/personas-facebook-ads/,Facebook Custom Audiences Integration,
https://segment.com/catalog/integrations/destination/perfect-audience/,Perfect Audience Integration,
https://segment.com/catalog/integrations/destination/nanigans/,Nanigans Integration,
https://segment.com/catalog/integrations/destination/millennial-media/,Millennial Media Integration,
https://segment.com/catalog/integrations/destination/mediamath/,MediaMath Integration,
https://segment.com/catalog/integrations/destination/liveintent-audiences/,LiveIntent Audiences Integration,
https://segment.com/catalog/integrations/destination/linkedin-insight-tag/,LinkedIn Insight Tag Integration,
https://segment.com/catalog/integrations/destination/linkedin-audiences/,LinkedIn Audiences Integration,
https://segment.com/catalog/integrations/destination/kitemetrics/,Kitemetrics Integration,
https://segment.com/catalog/integrations/destination/kevel/,Kevel Integration,
https://segment.com/catalog/integrations/destination/jivox/,Jivox IQ Integration,
https://segment.com/catalog/integrations/destination/hasoffers/,HasOffers Integration,
https://segment.com/catalog/integrations/destination/google-adwords-new/,Google Ads (Gtag) Integration,
https://segment.com/catalog/integrations/destination/flurry/,Flurry Integration,
https://segment.com/catalog/integrations/destination/firebase/,Firebase Integration,
https://segment.com/catalog/integrations/destination/facebook-pixel/,Facebook Pixel Integration,
https://segment.com/catalog/integrations/destination/facebook-offline-conversions/,Facebook Offline Conversions Integration,
https://segment.com/catalog/integrations/destination/facebook-app-events/,Facebook App Events Integration,
https://segment.com/catalog/integrations/destination/everflow/,Everflow Integration,
https://segment.com/catalog/integrations/destination/doubleclick-floodlight/,DoubleClick Floodlight Integration,
https://segment.com/catalog/integrations/destination/criteo/,Criteo App & Web Events Integration,
https://segment.com/catalog/integrations/destination/criteo-offline-conversions/,Criteo Offline Conversions Integration,
https://segment.com/catalog/integrations/destination/bytegain/,ByteGain Integration,
https://segment.com/catalog/integrations/destination/blueshift/,Blueshift Integration,
https://segment.com/catalog/integrations/destination/bing-ads/,Bing Ads Integration,
https://segment.com/catalog/integrations/destination/appnexus/,AppNexus Integration,
https://segment.com/catalog/integrations/destination/adwords/,Google AdWords Integration,
https://segment.com/catalog/integrations/destination/adwords-remarketing-lists/,Google Ads Remarketing Lists Integration,
https://segment.com/catalog/integrations/destination/adtriba/,Adtriba Integration,
https://segment.com/catalog/integrations/destination/adroll/,AdRoll Integration,
https://segment.com/catalog/integrations/destination/adquick/,AdQuick Integration,
https://segment.com/catalog/integrations/destination/adlearn-open-platform/,AdLearn Open Platform Integration,
https://segment.com/catalog/integrations/destination/adikteev/,Adikteev Integration,
https://segment.com/catalog/integrations/destination/actions-yahoo-audiences/,Yahoo Audiences Integration,
https://segment.com/catalog/integrations/destination/actions-topsort/,Topsort Integration,
https://segment.com/catalog/integrations/destination/actions-tiktok-offline-conversions/,TikTok Offline Conversions Integration,
https://segment.com/catalog/integrations/destination/actions-tiktok-conversions-api/,TikTok Conversions Integration,
https://segment.com/catalog/integrations/destination/actions-the-trade-desk-crm/,The Trade Desk CRM Integration,
https://segment.com/catalog/integrations/destination/actions-taboola-actions/,Taboola (Actions) Integration,
https://segment.com/catalog/integrations/destination/actions-stackadapt-cloud/,StackAdapt Integration,
https://segment.com/catalog/integrations/destination/actions-rokt-audiences/,Rokt Audiences (Actions) Integration,
https://segment.com/catalog/integrations/destination/actions-revx/,RevX Integration,
https://segment.com/catalog/integrations/destination/actions-reddit-pixel/,Reddit Pixel Integration,
https://segment.com/catalog/integrations/destination/actions-reddit-conversions-api/,Reddit Conversions API Integration,
https://segment.com/catalog/integrations/destination/actions-nextdoor-capi/,Nextdoor Conversions API Integration,
https://segment.com/catalog/integrations/destination/actions-moloco-rmp/,Moloco MCM Integration,
https://segment.com/catalog/integrations/destination/actions-liveramp-audiences/,LiveRamp Audiences Integration,
https://segment.com/catalog/integrations/destination/actions-linkedin-conversions/,LinkedIn Conversions API Integration,
https://segment.com/catalog/integrations/destination/actions-iqm/,IQM Integration,
https://segment.com/catalog/integrations/destination/actions-google-enhanced-conversions/,Google Ads Conversions Integration,
https://segment.com/catalog/integrations/destination/actions-facebook-conversions-api/,Facebook Conversions API Integration,
https://segment.com/catalog/integrations/destination/actions-display-video-360/,Display and Video 360 (Actions) Integration,
https://segment.com/catalog/integrations/destination/actions-angler-ai/,Angler AI Integration,
https://segment.com/catalog/integrations/destination/actions-amazon-amc/,Amazon Ads DSP and AMC Integration,
https://segment.com/catalog/integrations/source/shopify-fueled/,Shopify - Powered by Fueled Integration,
https://segment.com/catalog/integrations/source/navattic/,Navattic Integration,
https://segment.com/catalog/integrations/source/moengage-source/,MoEngage (Source) Integration,
https://segment.com/catalog/integrations/source/mixpanel-cohorts-source/,Mixpanel Cohorts Integration,
https://segment.com/catalog/integrations/source/listrak/,Listrak Integration,
https://segment.com/catalog/integrations/source/gwen-webhooks/,GWEN Webhooks Integration,
https://segment.com/catalog/integrations/source/amplitude-cohorts/,Amplitude Cohorts Integration,
https://segment.com/catalog/integrations/destination/userpilot-mobile/,Userpilot Mobile Integration,
https://segment.com/catalog/integrations/destination/userlens/,Userlens by Wudpecker Integration,
https://segment.com/catalog/integrations/destination/upollo/,Upollo Integration,
https://segment.com/catalog/integrations/destination/stormly/,Stormly Integration,
https://segment.com/catalog/integrations/destination/spideo/,Spideo Integration,
https://segment.com/catalog/integrations/destination/skalin/,Skalin Integration,
https://segment.com/catalog/integrations/destination/rokt-integration/,Rokt Integration,
https://segment.com/catalog/integrations/destination/roadwayai-actions/,Roadway AI Integration,
https://segment.com/catalog/integrations/destination/rabble-ai/,Rabble AI Integration,
https://segment.com/catalog/integrations/destination/peaka/,Peaka Integration,
https://segment.com/catalog/integrations/destination/orb/,Orb Integration,
https://segment.com/catalog/integrations/destination/ninetailed/,Ninetailed by Contentful Integration,
https://segment.com/catalog/integrations/destination/moesif-api-analytics/,Moesif API Monetization Integration,
https://segment.com/catalog/integrations/destination/mixpanel/,Mixpanel Integration,
https://segment.com/catalog/integrations/destination/metricstory/,Convertly Integration,
https://segment.com/catalog/integrations/destination/kissmetrics/,Kissmetrics Integration,
https://segment.com/catalog/integrations/destination/kana/,Kana Integration,
https://segment.com/catalog/integrations/destination/kable/,Kable Integration,
https://segment.com/catalog/integrations/destination/june-actions/,June Integration,
https://segment.com/catalog/integrations/destination/journy-io/,journy.io Integration,
https://segment.com/catalog/integrations/destination/inleads-ai/,Inleads AI Integration,
https://segment.com/catalog/integrations/destination/humanic-ai/,Humanic AI Integration,
https://segment.com/catalog/integrations/destination/hubble-web/,Hubble (Actions) Integration,
https://segment.com/catalog/integrations/destination/heap/,Heap Integration,
https://segment.com/catalog/integrations/destination/groundswell/,Groundswell Integration,
https://segment.com/catalog/integrations/destination/gosquared/,GoSquared Integration,
https://segment.com/catalog/integrations/destination/fl0/,FL0 Integration,
https://segment.com/catalog/integrations/destination/factorsai/,FactorsAI Integration,
https://segment.com/catalog/integrations/destination/events-win/,events.win Integration,
https://segment.com/catalog/integrations/destination/eagleeye-actions/,Eagle Eye (Actions) Integration,
https://segment.com/catalog/integrations/destination/dreamdata-io/,Dreamdata Integration,
https://segment.com/catalog/integrations/destination/correlated/,Correlated Integration,
https://segment.com/catalog/integrations/destination/conscia-ai/,Conscia.ai Integration,
https://segment.com/catalog/integrations/destination/bucket/,Reflag Integration,
https://segment.com/catalog/integrations/destination/breyta-crm/,Breyta CRM Integration,
https://segment.com/catalog/integrations/destination/blitzllama/,Blitzllama Integration,
https://segment.com/catalog/integrations/destination/atrolabe/,Astrolabe Integration,
https://segment.com/catalog/integrations/destination/amberflo/,Amberflo Integration,
https://segment.com/catalog/integrations/destination/akita-user-tracking/,Akita Customer Success Integration,
https://segment.com/catalog/integrations/destination/actions-userpilot-cloud/,Userpilot Integration,
https://segment.com/catalog/integrations/destination/actions-usermotion/,UserMotion (Actions) Integration,
https://segment.com/catalog/integrations/destination/actions-usermaven/,Usermaven (Actions) Integration,
https://segment.com/catalog/integrations/destination/actions-upollo/,Upollo Web (Actions) Integration,
https://segment.com/catalog/integrations/destination/actions-trubrics/,Trubrics Integration,
https://segment.com/catalog/integrations/destination/actions-topsort/,Topsort Integration,
https://segment.com/catalog/integrations/destination/actions-toplyne-cloud/,Toplyne Integration,
https://segment.com/catalog/integrations/destination/actions-survicate/,Survicate (Actions) Integration,
https://segment.com/catalog/integrations/destination/actions-singlestore/,SingleStore Integration,
https://segment.com/catalog/integrations/destination/actions-screeb-web/,Screeb Web (Actions) Integration,
https://segment.com/catalog/integrations/destination/actions-schematic/,Schematic Integration,
https://segment.com/catalog/integrations/destination/actions-saleswings/,Saleswings (Actions) Integration,
https://segment.com/catalog/integrations/destination/actions-s3/,AWS S3 (Actions) Integration,
https://segment.com/catalog/integrations/destination/actions-rupt/,Rupt Integration,
https://segment.com/catalog/integrations/destination/actions-pendo-web/,Pendo Web (Actions) Integration,
https://segment.com/catalog/integrations/destination/actions-ortto/,Ortto (Actions) Integration,
https://segment.com/catalog/integrations/destination/actions-optimizely-feature-experimentation-cloud/,Optimizely Feature Experimentation (Actions) Integration,
https://segment.com/catalog/integrations/destination/actions-moengage/,MoEngage Integration,
https://segment.com/catalog/integrations/destination/actions-mixpanel/,Mixpanel (Actions) Integration,
https://segment.com/catalog/integrations/destination/actions-logrocket/,LogRocket Integration,
https://segment.com/catalog/integrations/destination/actions-listrak/,Listrak (Actions) Integration,
https://segment.com/catalog/integrations/destination/actions-klaviyo/,Klaviyo (Actions) Integration,
https://segment.com/catalog/integrations/destination/actions-hyperengage/,Hyperengage (Actions) Integration,
https://segment.com/catalog/integrations/destination/actions-google-analytics-4/,Google Analytics 4 Integration,
https://segment.com/catalog/integrations/destination/actions-gameball/,Gameball (Actions) Integration,
https://segment.com/catalog/integrations/destination/actions-fullstory/,Fullstory (Actions) Integration,
https://segment.com/catalog/integrations/destination/actions-equals/,Equals Integration,
https://segment.com/catalog/integrations/destination/actions-dotdigital/,Dotdigital Integration,
https://segment.com/catalog/integrations/destination/actions-cloud-gwen/,GWEN Integration,
https://segment.com/catalog/integrations/destination/actions-clay/,Clay Integration,
https://segment.com/catalog/integrations/destination/actions-chartmogul/,ChartMogul Integration,
https://segment.com/catalog/integrations/destination/actions-blend-ai/,Blend Ai Integration,
https://segment.com/catalog/integrations/destination/actions-avo/,Avo Integration,
https://segment.com/catalog/integrations/destination/actions-app-fit/,AppFit Integration,
https://segment.com/catalog/integrations/destination/actions-amplitude/,Amplitude Integration,
https://segment.com/catalog/integrations/destination/actions-aggregations-io/,Aggregations.io (Actions) Integration,
https://segment.com/catalog/integrations/destination/actions-actable-predictive/,Actable Predictive Integration,
https://segment.com/catalog/integrations/destination/actions-accoil-analytics/,Accoil Analytics Integration,
https://segment.com/catalog/integrations/destination/actions-1flow/,1Flow Web (Actions) Integration,
https://segment.com/catalog/integrations/destination/1flow/,1Flow Integration,
https://segment.com/catalog/integrations/destination/1flow-mobile-plugin/,1Flow Mobile Plugin Integration,
https://segment.com/catalog/integrations/source/shopify-fueled/,Shopify - Powered by Fueled Integration,
https://segment.com/catalog/integrations/source/dub/,Dub Integration,
https://segment.com/catalog/integrations/destination/tune/,TUNE Integration,
https://segment.com/catalog/integrations/destination/trafficguard/,TrafficGuard Integration,
https://segment.com/catalog/integrations/destination/tapstream/,Tapstream Integration,
https://segment.com/catalog/integrations/destination/stormly/,Stormly Integration,
https://segment.com/catalog/integrations/destination/singular/,Singular Integration,
https://segment.com/catalog/integrations/destination/saasquatch-v2/,SaaSquatch v2 Integration,
https://segment.com/catalog/integrations/destination/retina/,Retina Integration,
https://segment.com/catalog/integrations/destination/refersion/,Refersion Integration,
https://segment.com/catalog/integrations/destination/matcha/,Matcha Integration,
https://segment.com/catalog/integrations/destination/lou/,Lou Integration,
https://segment.com/catalog/integrations/destination/localytics/,Localytics Integration,
https://segment.com/catalog/integrations/destination/kochava/,Kochava Integration,
https://segment.com/catalog/integrations/destination/kitemetrics/,Kitemetrics Integration,
https://segment.com/catalog/integrations/destination/kable/,Kable Integration,
https://segment.com/catalog/integrations/destination/improvely/,Improvely Integration,
https://segment.com/catalog/integrations/destination/impact-partnership-cloud/,Impact.com Partnership Management Platform Integration,
https://segment.com/catalog/integrations/destination/factorsai/,FactorsAI Integration,
https://segment.com/catalog/integrations/destination/emma/,EMMA Integration,
https://segment.com/catalog/integrations/destination/dreamdata-io/,Dreamdata Integration,
https://segment.com/catalog/integrations/destination/criteo-offline-conversions/,Criteo Offline Conversions Integration,
https://segment.com/catalog/integrations/destination/convertro/,Convertro Integration,
https://segment.com/catalog/integrations/destination/button/,Button Integration,
https://segment.com/catalog/integrations/destination/branch-metrics/,Branch Metrics Integration,
https://segment.com/catalog/integrations/destination/attribution/,Attribution Integration,
https://segment.com/catalog/integrations/destination/appsflyer/,AppsFlyer Integration,
https://segment.com/catalog/integrations/destination/adtriba/,Adtriba Integration,
https://segment.com/catalog/integrations/destination/adjust/,Adjust Integration,
https://segment.com/catalog/integrations/destination/actions-usermaven/,Usermaven (Actions) Integration,
https://segment.com/catalog/integrations/destination/actions-revx/,RevX Integration,
https://segment.com/catalog/integrations/destination/actions-podscribe/,Podscribe (Actions) Integration,
https://segment.com/catalog/integrations/destination/actions-nextdoor-capi/,Nextdoor Conversions API Integration,
https://segment.com/catalog/integrations/destination/actions-cdpresolution/,Delivr.ai Resolve Integration,
https://segment.com/catalog/integrations/destination/actions-angler-ai/,Angler AI Integration,
https://segment.com/catalog/integrations/source/looker/,Looker Integration,
https://segment.com/catalog/integrations/destination/tableau/,Tableau Integration,
https://segment.com/catalog/integrations/destination/periscope-data/,Periscope Data Integration,
https://segment.com/catalog/integrations/destination/jackdb/,JackDB Integration,
https://segment.com/catalog/integrations/destination/chartio/,Chartio Integration,
https://segment.com/catalog/integrations/destination/bime-analytics/,BIME Analytics Integration,
https://segment.com/catalog/integrations/source/paytronix/,Paytronix Integration,
https://segment.com/catalog/integrations/source/onetrust/,OneTrust Integration,
https://segment.com/catalog/integrations/source/moengage-source/,MoEngage (Source) Integration,
https://segment.com/catalog/integrations/source/looker/,Looker Integration,
https://segment.com/catalog/integrations/source/listrak/,Listrak Integration,
https://segment.com/catalog/integrations/source/herow/,HEROW Integration,
https://segment.com/catalog/integrations/source/freshchat/,Freshchat Integration,
https://segment.com/catalog/integrations/source/amplitude-cohorts/,Amplitude Cohorts Integration,
https://segment.com/catalog/integrations/destination/youbora/,Youbora Integration,
https://segment.com/catalog/integrations/destination/yandex-metrica/,Yandex Metrica Integration,
https://segment.com/catalog/integrations/destination/xtremepush/,Xtremepush Integration,
https://segment.com/catalog/integrations/destination/woopra/,Woopra  Integration,
https://segment.com/catalog/integrations/destination/windsor/,Windsor Integration,
https://segment.com/catalog/integrations/destination/wigzo/,Wigzo Integration,
https://segment.com/catalog/integrations/destination/whale-watch/,Whale Watch Integration,
https://segment.com/catalog/integrations/destination/walkme/,WalkMe Integration,
https://segment.com/catalog/integrations/destination/vespucci/,Vespucci Integration,
https://segment.com/catalog/integrations/destination/userleap/,Sprig Cloud Integration,
https://segment.com/catalog/integrations/destination/useriq/,UserIQ Integration,
https://segment.com/catalog/integrations/destination/unwaffle/,Unwaffle Integration,
https://segment.com/catalog/integrations/destination/treasure-data/,Treasure Data Integration,
https://segment.com/catalog/integrations/destination/trafficguard/,TrafficGuard Integration,
https://segment.com/catalog/integrations/destination/tractionboard/,Tractionboard Integration,
https://segment.com/catalog/integrations/destination/tamber/,Tamber Integration,
https://segment.com/catalog/integrations/destination/swrve/,Swrve Integration,
https://segment.com/catalog/integrations/destination/survicate/,Survicate Integration,
https://segment.com/catalog/integrations/destination/stories/,Stories Integration,
https://segment.com/catalog/integrations/destination/statsig/,Statsig Integration,
https://segment.com/catalog/integrations/destination/startdeliver/,Startdeliver Integration,
https://segment.com/catalog/integrations/destination/smartlook/,Smartlook Integration,
https://segment.com/catalog/integrations/destination/slicingdice/,SlicingDice Integration,
https://segment.com/catalog/integrations/destination/singular/,Singular Integration,
https://segment.com/catalog/integrations/destination/signl4-alerting/,SIGNL4 Alerting Integration,
https://segment.com/catalog/integrations/destination/sherlock/,Sherlock Integration,
https://segment.com/catalog/integrations/destination/segmetrics/,SegMetrics Integration,
https://segment.com/catalog/integrations/destination/screeb/,Screeb Integration,
https://segment.com/catalog/integrations/destination/scopeai/,ScopeAi Integration,
https://segment.com/catalog/integrations/destination/rockerbox/,Rockerbox Integration,
https://segment.com/catalog/integrations/destination/richpanel/,Richpanel Integration,
https://segment.com/catalog/integrations/destination/retina/,Retina Integration,
https://segment.com/catalog/integrations/destination/refersion/,Refersion Integration,
https://segment.com/catalog/integrations/destination/quantcast/,Quantcast Integration,
https://segment.com/catalog/integrations/destination/prosperstack/,ProsperStack Integration,
https://segment.com/catalog/integrations/destination/profitwell/,ProfitWell Integration,
https://segment.com/catalog/integrations/destination/posthog/,PostHog Integration,
https://segment.com/catalog/integrations/destination/pointillist/,Pointillist Integration,
https://segment.com/catalog/integrations/destination/pixelme/,PixelMe Integration,
https://segment.com/catalog/integrations/destination/pendo/,Pendo Integration,
https://segment.com/catalog/integrations/destination/parsely/,Parse.ly Integration,
https://segment.com/catalog/integrations/destination/new-relic/,New Relic Insights Integration,
https://segment.com/catalog/integrations/destination/metacx/,MetaCX Integration,
https://segment.com/catalog/integrations/destination/matomo/,Matomo Integration,
https://segment.com/catalog/integrations/destination/matcha/,Matcha Integration,
https://segment.com/catalog/integrations/destination/madkudu/,Madkudu Integration,
https://segment.com/catalog/integrations/destination/lytics/,Lytics Integration,
https://segment.com/catalog/integrations/destination/localytics/,Localytics Integration,
https://segment.com/catalog/integrations/destination/librato/,Librato Integration,
https://segment.com/catalog/integrations/destination/lazy-lantern/,Lantern Integration,
https://segment.com/catalog/integrations/destination/kubit/,Kubit Integration,
https://segment.com/catalog/integrations/destination/kitemetrics/,Kitemetrics Integration,
https://segment.com/catalog/integrations/destination/kissmetrics/,Kissmetrics Integration,
https://segment.com/catalog/integrations/destination/keen-io/,Keen.io Integration,
https://segment.com/catalog/integrations/destination/june-actions/,June Integration,
https://segment.com/catalog/integrations/destination/journy-io/,journy.io Integration,
https://segment.com/catalog/integrations/destination/interana/,Scuba Analytics Integration,
https://segment.com/catalog/integrations/destination/indicative/,Indicative Integration,
https://segment.com/catalog/integrations/destination/ibm-ubx/,IBM Universal Behavior Exchange Integration,
https://segment.com/catalog/integrations/destination/hydra/,Hydra Integration,
https://segment.com/catalog/integrations/destination/humanic-ai/,Humanic AI Integration,
https://segment.com/catalog/integrations/destination/hittail/,HitTail Integration,
https://segment.com/catalog/integrations/destination/graphjson/,GraphJSON Integration,
https://segment.com/catalog/integrations/destination/gosquared/,GoSquared Integration,
https://segment.com/catalog/integrations/destination/goedle/,Goedle Integration,
https://segment.com/catalog/integrations/destination/gauges/,Gauges Integration,
https://segment.com/catalog/integrations/destination/gainsight-px/,Gainsight PX Integration,
https://segment.com/catalog/integrations/destination/funnelfox/,FunnelFox Integration,
https://segment.com/catalog/integrations/destination/freshsales-suite-crm/,Freshsales Suite - CRM Integration,
https://segment.com/catalog/integrations/destination/foxmetrics/,FoxMetrics Integration,
https://segment.com/catalog/integrations/destination/flurry/,Flurry Integration,
https://segment.com/catalog/integrations/destination/firebase/,Firebase Integration,
https://segment.com/catalog/integrations/destination/facebook-app-events/,Facebook App Events Integration,
https://segment.com/catalog/integrations/destination/exponea/,Bloomreach Engagement Integration,
https://segment.com/catalog/integrations/destination/experiments-by-growthhackers/,Experiments by Growthhackers Integration,
https://segment.com/catalog/integrations/destination/everflow/,Everflow Integration,
https://segment.com/catalog/integrations/destination/epica/,EPICA Integration,
https://segment.com/catalog/integrations/destination/emma/,EMMA Integration,
https://segment.com/catalog/integrations/destination/cruncher/,Cruncher Integration,
https://segment.com/catalog/integrations/destination/crowdpower/,CrowdPower Integration,
https://segment.com/catalog/integrations/destination/countly/,Countly Integration,
https://segment.com/catalog/integrations/destination/comscore/,comScore Integration,
https://segment.com/catalog/integrations/destination/close/,Close Integration,
https://segment.com/catalog/integrations/destination/cliff/,Cliff Integration,
https://segment.com/catalog/integrations/destination/clicky/,Clicky Integration,
https://segment.com/catalog/integrations/destination/clevertap/,CleverTap Integration,
https://segment.com/catalog/integrations/destination/clearbrain/,ClearBrain Integration,
https://segment.com/catalog/integrations/destination/chartbeat/,Chartbeat Integration,
https://segment.com/catalog/integrations/destination/candu/,Candu Integration,
https://segment.com/catalog/integrations/destination/calq/,Calq Integration,
https://segment.com/catalog/integrations/destination/calixa/,Calixa Integration,
https://segment.com/catalog/integrations/destination/byteplus/,BytePlus Integration,
https://segment.com/catalog/integrations/destination/bytegain/,ByteGain Integration,
https://segment.com/catalog/integrations/destination/buzzboard/,BuzzBoard Integration,
https://segment.com/catalog/integrations/destination/breyta-crm/,Breyta CRM Integration,
https://segment.com/catalog/integrations/destination/blendo/,Blendo Integration,
https://segment.com/catalog/integrations/destination/beamer/,Beamer Integration,
https://segment.com/catalog/integrations/destination/auryc/,Auryc Integration,
https://segment.com/catalog/integrations/destination/atrolabe/,Astrolabe Integration,
https://segment.com/catalog/integrations/destination/asayer/,Asayer Integration,
https://segment.com/catalog/integrations/destination/anodot/,Anodot Integration,
https://segment.com/catalog/integrations/destination/amazon-kinesis/,Amazon Kinesis Integration,
https://segment.com/catalog/integrations/destination/amazon-kinesis-firehose/,Amazon Kinesis Firehose Integration,
https://segment.com/catalog/integrations/destination/algolia/,Algolia Insights Integration,
https://segment.com/catalog/integrations/destination/alexa/,Alexa Integration,
https://segment.com/catalog/integrations/destination/akita-user-tracking/,Akita Customer Success Integration,
https://segment.com/catalog/integrations/destination/adtriba/,Adtriba Integration,
https://segment.com/catalog/integrations/destination/adquick/,AdQuick Integration,
https://segment.com/catalog/integrations/destination/adobe-video-heartbeat/,Adobe Video Heartbeat Integration,
https://segment.com/catalog/integrations/destination/adobe-analytics/,Adobe Analytics Integration,
https://segment.com/catalog/integrations/destination/adlearn-open-platform/,AdLearn Open Platform Integration,
https://segment.com/catalog/integrations/destination/actions-xtremepush/,Xtremepush (Actions) Integration,
https://segment.com/catalog/integrations/destination/actions-the-trade-desk-crm/,The Trade Desk CRM Integration,
https://segment.com/catalog/integrations/destination/actions-saleswings/,Saleswings (Actions) Integration,
https://segment.com/catalog/integrations/destination/actions-pipedrive/,Actions Pipedrive Integration,
https://segment.com/catalog/integrations/destination/actions-moengage/,MoEngage Integration,
https://segment.com/catalog/integrations/destination/actions-listrak/,Listrak (Actions) Integration,
https://segment.com/catalog/integrations/destination/actions-klaviyo/,Klaviyo (Actions) Integration,
https://segment.com/catalog/integrations/destination/actions-hubspot-cloud/,HubSpot Integration,
https://segment.com/catalog/integrations/destination/actions-gainsight-px-cloud/,Gainsight Px Cloud (Actions) Integration,
https://segment.com/catalog/integrations/destination/actions-chartmogul/,ChartMogul Integration,
https://segment.com/catalog/integrations/destination/actions-blackbaud-raisers-edge-nxt/,Blackbaud Raiser's Edge NXT Integration,
https://segment.com/catalog/integrations/destination/actions-batch/,Batch (Actions) Integration,
https://segment.com/catalog/integrations/destination/actions-attio/,Attio (Actions) Integration,
https://segment.com/catalog/integrations/destination/actions-aampe/,Aampe (Actions) Integration,
https://segment.com/catalog/integrations/destination/aampe/,Aampe Integration,
https://segment.com/catalog/integrations/destination/Houseware/,Houseware Integration,
https://segment.com/catalog/integrations/destination/1flow-mobile-plugin/,1Flow Mobile Plugin Integration,
https://segment.com/catalog/integrations/source/provesource/,ProveSource Integration,
https://segment.com/catalog/integrations/source/produktly/,Produktly Integration,
https://segment.com/catalog/integrations/source/moesif-api-analytics-source/,Moesif API Monetization Integration,
https://segment.com/catalog/integrations/source/gladly/,Gladly Integration,
https://segment.com/catalog/integrations/source/commandbar/,CommandBar Integration,
https://segment.com/catalog/integrations/source/aircall/,Aircall Integration,
https://segment.com/catalog/integrations/destination/zopim/,Zendesk Chat Integration,
https://segment.com/catalog/integrations/destination/zendesk/,Zendesk Integration,
https://segment.com/catalog/integrations/destination/windsor/,Windsor Integration,
https://segment.com/catalog/integrations/destination/walkme/,WalkMe Integration,
https://segment.com/catalog/integrations/destination/vitally/,Vitally Integration,
https://segment.com/catalog/integrations/destination/uservoice/,UserVoice Integration,
https://segment.com/catalog/integrations/destination/userlens/,Userlens by Wudpecker Integration,
https://segment.com/catalog/integrations/destination/userleap/,Sprig Cloud Integration,
https://segment.com/catalog/integrations/destination/useriq/,UserIQ Integration,
https://segment.com/catalog/integrations/destination/upcall/,Upcall Integration,
https://segment.com/catalog/integrations/destination/trustpilot/,Trustpilot Integration,
https://segment.com/catalog/integrations/destination/totango/,Totango Integration,
https://segment.com/catalog/integrations/destination/talonone/,Talon.One Integration,
https://segment.com/catalog/integrations/destination/stonly/,Stonly Integration,
https://segment.com/catalog/integrations/destination/startdeliver/,Startdeliver Integration,
https://segment.com/catalog/integrations/destination/startdeliver-v2/,Startdeliver-v2 Integration,
https://segment.com/catalog/integrations/destination/snapboard/,Snapboard Integration,
https://segment.com/catalog/integrations/destination/skalin/,Skalin Integration,
https://segment.com/catalog/integrations/destination/sherlock/,Sherlock Integration,
https://segment.com/catalog/integrations/destination/screeb/,Screeb Integration,
https://segment.com/catalog/integrations/destination/scopeai/,ScopeAi Integration,
https://segment.com/catalog/integrations/destination/salesmachine/,Salesmachine Integration,
https://segment.com/catalog/integrations/destination/saasquatch-v2/,SaaSquatch v2 Integration,
https://segment.com/catalog/integrations/destination/richpanel/,Richpanel Integration,
https://segment.com/catalog/integrations/destination/retently/,Retently Integration,
https://segment.com/catalog/integrations/destination/refiner/,Refiner Integration,
https://segment.com/catalog/integrations/destination/refiner-stream/,Refiner-Stream Integration,
https://segment.com/catalog/integrations/destination/recombee-ai/,Recombee AI Integration,
https://segment.com/catalog/integrations/destination/ramen/,Ramen Integration,
https://segment.com/catalog/integrations/destination/prosperstack/,ProsperStack Integration,
https://segment.com/catalog/integrations/destination/planhat/,Planhat Integration,
https://segment.com/catalog/integrations/destination/noora/,Noora Integration,
https://segment.com/catalog/integrations/destination/natero/,Natero Integration,
https://segment.com/catalog/integrations/destination/nat/,Nat Integration,
https://segment.com/catalog/integrations/destination/moesif-api-analytics/,Moesif API Monetization Integration,
https://segment.com/catalog/integrations/destination/metacx/,MetaCX Integration,
https://segment.com/catalog/integrations/destination/lou/,Lou Integration,
https://segment.com/catalog/integrations/destination/learndot/,Learndot Integration,
https://segment.com/catalog/integrations/destination/kustomer/,Kustomer Integration,
https://segment.com/catalog/integrations/destination/june-actions/,June Integration,
https://segment.com/catalog/integrations/destination/journy-io/,journy.io Integration,
https://segment.com/catalog/integrations/destination/jimo/,Jimo Integration,
https://segment.com/catalog/integrations/destination/inleads-ai/,Inleads AI Integration,
https://segment.com/catalog/integrations/destination/hydra/,Hydra Integration,
https://segment.com/catalog/integrations/destination/humanic-ai/,Humanic AI Integration,
https://segment.com/catalog/integrations/destination/help-scout/,Help Scout Integration,
https://segment.com/catalog/integrations/destination/hawkei/,Hawkei Integration,
https://segment.com/catalog/integrations/destination/gleap-cloud-actions/,Gleap (Action) Integration,
https://segment.com/catalog/integrations/destination/gainsight/,Gainsight Integration,
https://segment.com/catalog/integrations/destination/gainsight-px/,Gainsight PX Integration,
https://segment.com/catalog/integrations/destination/events-win/,events.win Integration,
https://segment.com/catalog/integrations/destination/enjoyhq/,EnjoyHQ Integration,
https://segment.com/catalog/integrations/destination/engage-messaging/,Engage Messaging Integration,
https://segment.com/catalog/integrations/destination/emarsys/,Emarsys Integration,
https://segment.com/catalog/integrations/destination/elevio/,Elevio Integration,
https://segment.com/catalog/integrations/destination/custify/,Custify Integration,
https://segment.com/catalog/integrations/destination/crossing-minds/,Crossing Minds Integration,
https://segment.com/catalog/integrations/destination/crisp/,Crisp Integration,
https://segment.com/catalog/integrations/destination/courier/,Courier Integration,
https://segment.com/catalog/integrations/destination/correlated/,Correlated Integration,
https://segment.com/catalog/integrations/destination/clientsuccess/,ClientSuccess Integration,
https://segment.com/catalog/integrations/destination/churnzero/,ChurnZero Integration,
https://segment.com/catalog/integrations/destination/churned/,Churned Integration,
https://segment.com/catalog/integrations/destination/candu/,Candu Integration,
https://segment.com/catalog/integrations/destination/calixa/,Calixa Integration,
https://segment.com/catalog/integrations/destination/breyta-crm/,Breyta CRM Integration,
https://segment.com/catalog/integrations/destination/blitzllama/,Blitzllama Integration,
https://segment.com/catalog/integrations/destination/beamer/,Beamer Integration,
https://segment.com/catalog/integrations/destination/atrolabe/,Astrolabe Integration,
https://segment.com/catalog/integrations/destination/asayer/,Asayer Integration,
https://segment.com/catalog/integrations/destination/akita-user-tracking/,Akita Customer Success Integration,
https://segment.com/catalog/integrations/destination/adquick/,AdQuick Integration,
https://segment.com/catalog/integrations/destination/actions-slack/,Slack Integration,
https://segment.com/catalog/integrations/destination/actions-jimo/,Jimo (Actions) Integration,
https://segment.com/catalog/integrations/destination/actions-intercom-cloud/,Intercom Integration,
https://segment.com/catalog/integrations/destination/actions-hyperengage/,Hyperengage (Actions) Integration,
https://segment.com/catalog/integrations/destination/actions-gainsight-px-cloud/,Gainsight Px Cloud (Actions) Integration,
https://segment.com/catalog/integrations/destination/2mee/,2mee Integration,
https://segment.com/catalog/integrations/destination/1flow/,1Flow Integration,
https://segment.com/catalog/integrations/destination/1flow-mobile-plugin/,1Flow Mobile Plugin Integration,
https://segment.com/catalog/integrations/source/commandbar/,CommandBar Integration,
https://segment.com/catalog/integrations/destination/emma/,EMMA Integration,
https://segment.com/catalog/integrations/destination/button/,Button Integration,
https://segment.com/catalog/integrations/destination/branch-metrics/,Branch Metrics Integration,
https://segment.com/catalog/integrations/destination/appsflyer/,AppsFlyer Integration,
https://segment.com/catalog/integrations/destination/amberflo/,Amberflo Integration,
https://segment.com/catalog/integrations/destination/adjust/,Adjust Integration,
https://segment.com/catalog/integrations/source/onesignal/,OneSignal Integration,
https://segment.com/catalog/integrations/destination/user-com/,User.com Integration,
https://segment.com/catalog/integrations/destination/trustpilot/,Trustpilot Integration,
https://segment.com/catalog/integrations/destination/actions-sendgrid/,SendGrid Integration,
https://segment.com/catalog/integrations/source/yotpo/,Yotpo Integration,
https://segment.com/catalog/integrations/source/sendgrid/,SendGrid Integration,
https://segment.com/catalog/integrations/source/sendgrid-marketing-campaigns/,SendGrid Marketing Campaigns Integration,
https://segment.com/catalog/integrations/source/paytronix/,Paytronix Integration,
https://segment.com/catalog/integrations/source/moengage-source/,MoEngage (Source) Integration,
https://segment.com/catalog/integrations/source/marketo/,Marketo Integration,
https://segment.com/catalog/integrations/source/mandrill/,Mandrill Integration,
https://segment.com/catalog/integrations/source/listrak/,Listrak Integration,
https://segment.com/catalog/integrations/source/klenty/,Klenty Integration,
https://segment.com/catalog/integrations/source/inflection-source/,Inflection (Source) Integration,
https://segment.com/catalog/integrations/source/facebook-lead-ads/,Facebook Lead Ads Integration,
https://segment.com/catalog/integrations/destination/zaius/,Zaius Integration,
https://segment.com/catalog/integrations/destination/xtremepush/,Xtremepush Integration,
https://segment.com/catalog/integrations/destination/wishpond/,Wishpond Integration,
https://segment.com/catalog/integrations/destination/wigzo/,Wigzo Integration,
https://segment.com/catalog/integrations/destination/webengage/,WebEngage Integration,
https://segment.com/catalog/integrations/destination/watsi/,Watsi Integration,
https://segment.com/catalog/integrations/destination/vero/,Vero Integration,
https://segment.com/catalog/integrations/destination/userlist/,Userlist Integration,
https://segment.com/catalog/integrations/destination/useriq/,UserIQ Integration,
https://segment.com/catalog/integrations/destination/talonone/,Talon.One Integration,
https://segment.com/catalog/integrations/destination/swrve/,Swrve Integration,
https://segment.com/catalog/integrations/destination/selligent-marketing-cloud/,Selligent Marketing Cloud Integration,
https://segment.com/catalog/integrations/destination/seg/,Seg Integration,
https://segment.com/catalog/integrations/destination/salescamp-crm/,Salescamp CRM Integration,
https://segment.com/catalog/integrations/destination/sailthru-v2/,Sailthru v2 Integration,
https://segment.com/catalog/integrations/destination/responsys/,Responsys Integration,
https://segment.com/catalog/integrations/destination/recombee-ai/,Recombee AI Integration,
https://segment.com/catalog/integrations/destination/radiumone-connect/,RadiumOne Connect Integration,
https://segment.com/catalog/integrations/destination/persistiq/,PersistIQ Integration,
https://segment.com/catalog/integrations/destination/ortto/,Ortto Integration,
https://segment.com/catalog/integrations/destination/nudgespot/,Nudgespot Integration,
https://segment.com/catalog/integrations/destination/movable-ink/,Movable Ink Integration,
https://segment.com/catalog/integrations/destination/moosend/,Moosend Integration,
https://segment.com/catalog/integrations/destination/marketo-v2/,Marketo Integration,
https://segment.com/catalog/integrations/destination/mailmodo/,Mailmodo Integration,
https://segment.com/catalog/integrations/destination/mailjet/,Mailjet Integration,
https://segment.com/catalog/integrations/destination/mailchimp/,Mailchimp Integration,
https://segment.com/catalog/integrations/destination/lumen/,Lumen Integration,
https://segment.com/catalog/integrations/destination/leanplum/,Leanplum Integration,
https://segment.com/catalog/integrations/destination/kahuna/,Kahuna Integration,
https://segment.com/catalog/integrations/destination/jivox/,Jivox IQ Integration,
https://segment.com/catalog/integrations/destination/iterable/,Iterable Integration,
https://segment.com/catalog/integrations/destination/insider/,Insider Integration,
https://segment.com/catalog/integrations/destination/inflection/,Inflection Integration,
https://segment.com/catalog/integrations/destination/hydra/,Hydra Integration,
https://segment.com/catalog/integrations/destination/gosquared/,GoSquared Integration,
https://segment.com/catalog/integrations/destination/gist/,Gist Integration,
https://segment.com/catalog/integrations/destination/gainsight-px/,Gainsight PX Integration,
https://segment.com/catalog/integrations/destination/freshmarketer/,Freshmarketer Integration,
https://segment.com/catalog/integrations/destination/extole-platform/,Extole Integration,
https://segment.com/catalog/integrations/destination/exponea/,Bloomreach Engagement Integration,
https://segment.com/catalog/integrations/destination/engage-messaging/,Engage Messaging Integration,
https://segment.com/catalog/integrations/destination/emarsys/,Emarsys Integration,
https://segment.com/catalog/integrations/destination/email-aptitude/,Email Aptitude Integration,
https://segment.com/catalog/integrations/destination/eloqua/,Oracle Eloqua Integration,
https://segment.com/catalog/integrations/destination/drip/,Drip Integration,
https://segment.com/catalog/integrations/destination/customer-io-actions/,Customer.io Integration,
https://segment.com/catalog/integrations/destination/crossing-minds/,Crossing Minds Integration,
https://segment.com/catalog/integrations/destination/crisp/,Crisp Integration,
https://segment.com/catalog/integrations/destination/courier/,Courier Integration,
https://segment.com/catalog/integrations/destination/bronto/,Bronto Integration,
https://segment.com/catalog/integrations/destination/braze-cloud-mode-actions/,Braze Integration,
https://segment.com/catalog/integrations/destination/blueshift/,Blueshift Integration,
https://segment.com/catalog/integrations/destination/autopilothq/,AutopilotHQ Integration,
https://segment.com/catalog/integrations/destination/attentive-mobile/,Attentive Mobile Integration,
https://segment.com/catalog/integrations/destination/activecampaign/,ActiveCampaign Integration,
https://segment.com/catalog/integrations/destination/actions-sendgrid/,SendGrid Integration,
https://segment.com/catalog/integrations/destination/actions-salesforce-marketing-cloud/,Salesforce Marketing Cloud Integration,
https://segment.com/catalog/integrations/destination/actions-pardot/,Pardot by Salesforce Integration,
https://segment.com/catalog/integrations/destination/actions-ortto-audiences/,Ortto (Audiences) Integration,
https://segment.com/catalog/integrations/destination/actions-moengage/,MoEngage Integration,
https://segment.com/catalog/integrations/destination/actions-marketo-static-lists/,Marketo Static Lists (Actions) Integration,
https://segment.com/catalog/integrations/destination/actions-loops/,Loops Integration,
https://segment.com/catalog/integrations/destination/actions-listrak/,Listrak (Actions) Integration,
https://segment.com/catalog/integrations/destination/actions-klaviyo/,Klaviyo (Actions) Integration,
https://segment.com/catalog/integrations/destination/actions-iterable/,Iterable (Actions) Integration,
https://segment.com/catalog/integrations/destination/actions-intercom-cloud/,Intercom Integration,
https://segment.com/catalog/integrations/destination/actions-hubspot-cloud/,HubSpot Integration,
https://segment.com/catalog/integrations/destination/actions-gainsight-px-cloud/,Gainsight Px Cloud (Actions) Integration,
https://segment.com/catalog/integrations/destination/actions-drip/,Drip (Actions) Integration,
https://segment.com/catalog/integrations/destination/actions-dotdigital/,Dotdigital Integration,
https://segment.com/catalog/integrations/destination/actions-cordial/,Cordial Integration,
https://segment.com/catalog/integrations/destination/actions-acoustic/,Acoustic (Actions) Integration,
https://segment.com/catalog/integrations/source/voucherify/,Voucherify Integration,
https://segment.com/catalog/integrations/source/radar/,Radar Integration,
https://segment.com/catalog/integrations/source/quin-ai/,Quin AI Integration,
https://segment.com/catalog/integrations/source/one-creation/,One Creation Integration,
https://segment.com/catalog/integrations/source/livelike-source/,LiveLike (Source) Integration,
https://segment.com/catalog/integrations/source/herow/,HEROW Integration,
https://segment.com/catalog/integrations/source/foursquare-movement/,Foursquare Movement Integration,
https://segment.com/catalog/integrations/source/factual-engine/,Factual Engine Integration,
https://segment.com/catalog/integrations/source/bluedot/,Bluedot Integration,
https://segment.com/catalog/integrations/source/alloyflow/,Alloy Flow Integration,
https://segment.com/catalog/integrations/destination/voucherify-actions/,Voucherify Integration,
https://segment.com/catalog/integrations/destination/upollo/,Upollo Integration,
https://segment.com/catalog/integrations/destination/talonone/,Talon.One Integration,
https://segment.com/catalog/integrations/destination/survicate/,Survicate Integration,
https://segment.com/catalog/integrations/destination/screeb/,Screeb Integration,
https://segment.com/catalog/integrations/destination/refiner/,Refiner Integration,
https://segment.com/catalog/integrations/destination/refiner-stream/,Refiner-Stream Integration,
https://segment.com/catalog/integrations/destination/noora/,Noora Integration,
https://segment.com/catalog/integrations/destination/modern-pricing/,Modern Pricing Integration,
https://segment.com/catalog/integrations/destination/madkudu/,Madkudu Integration,
https://segment.com/catalog/integrations/destination/jimo/,Jimo Integration,
https://segment.com/catalog/integrations/destination/hull/,Hull Integration,
https://segment.com/catalog/integrations/destination/cruncher/,Cruncher Integration,
https://segment.com/catalog/integrations/destination/clearbit-reveal/,Clearbit Reveal Integration,
https://segment.com/catalog/integrations/destination/clearbit-enrichment/,Clearbit Enrichment Integration,
https://segment.com/catalog/integrations/destination/buzzboard/,BuzzBoard Integration,
https://segment.com/catalog/integrations/destination/breyta-crm/,Breyta CRM Integration,
https://segment.com/catalog/integrations/destination/adlearn-open-platform/,AdLearn Open Platform Integration,
https://segment.com/catalog/integrations/destination/actions-usermotion/,UserMotion (Actions) Integration,
https://segment.com/catalog/integrations/destination/actions-upollo/,Upollo Web (Actions) Integration,
https://segment.com/catalog/integrations/destination/actions-clay/,Clay Integration,
https://segment.com/catalog/integrations/destination/actions-cdpresolution/,Delivr.ai Resolve Integration,
https://segment.com/catalog/integrations/destination/actions-attio/,Attio (Actions) Integration,
https://segment.com/catalog/integrations/destination/actions-actable-predictive/,Actable Predictive Integration,
https://segment.com/catalog/integrations/source/amplitude-cohorts/,Amplitude Cohorts Integration,
https://segment.com/catalog/integrations/destination/split/,Split Integration,
https://segment.com/catalog/integrations/destination/actions-amplitude/,Amplitude Integration,
https://segment.com/catalog/integrations/source/launchdarkly/,LaunchDarkly Integration,
https://segment.com/catalog/integrations/source/configcat/,ConfigCat Integration,
https://segment.com/catalog/integrations/source/amplitude-cohorts/,Amplitude Cohorts Integration,
https://segment.com/catalog/integrations/destination/apptimize/,Apptimize Integration,
https://segment.com/catalog/integrations/destination/actions-schematic/,Schematic Integration,
https://segment.com/catalog/integrations/destination/actions-optimizely-feature-experimentation-cloud/,Optimizely Feature Experimentation (Actions) Integration,
https://segment.com/catalog/integrations/destination/actions-launchdarkly-audiences/,LaunchDarkly Audiences Integration,
https://segment.com/catalog/integrations/destination/actions-kameleoon/,Kameleoon (Actions) Integration,
https://segment.com/catalog/integrations/destination/actions-amplitude/,Amplitude Integration,
https://segment.com/catalog/integrations/destination/actions-absmartly/,ABsmartly (Actions) Integration,
https://segment.com/catalog/integrations/destination/visual-website-optimizer/,VWO Integration,
https://segment.com/catalog/integrations/destination/vespucci/,Vespucci Integration,
https://segment.com/catalog/integrations/destination/stories/,Stories Integration,
https://segment.com/catalog/integrations/destination/smartlook/,Smartlook Integration,
https://segment.com/catalog/integrations/destination/posthog/,PostHog Integration,
https://segment.com/catalog/integrations/destination/navilytics/,Navilytics Integration,
https://segment.com/catalog/integrations/destination/mousestats/,MouseStats Integration,
https://segment.com/catalog/integrations/destination/mouseflow/,Mouseflow Integration,
https://segment.com/catalog/integrations/destination/lucky-orange/,Lucky Orange Integration,
https://segment.com/catalog/integrations/destination/inspectlet/,Inspectlet Integration,
https://segment.com/catalog/integrations/destination/hotjar/,Hotjar Integration,
https://segment.com/catalog/integrations/destination/heap/,Heap Integration,
https://segment.com/catalog/integrations/destination/freshmarketer/,Freshmarketer Integration,
https://segment.com/catalog/integrations/destination/crazy-egg/,Crazy Egg Integration,
https://segment.com/catalog/integrations/destination/auryc/,Auryc Integration,
https://segment.com/catalog/integrations/destination/actions-logrocket/,LogRocket Integration,
https://segment.com/catalog/integrations/destination/actions-fullstory/,Fullstory (Actions) Integration,
https://segment.com/catalog/integrations/source/ibm-watson-assistant/,IBM Watson Assistant Integration,
https://segment.com/catalog/integrations/source/gladly/,Gladly Integration,
https://segment.com/catalog/integrations/source/aircall/,Aircall Integration,
https://segment.com/catalog/integrations/source/workramp/,WorkRamp Integration,
https://segment.com/catalog/integrations/source/synap/,Synap Integration,
https://segment.com/catalog/integrations/source/white-label-loyalty/,White Label Loyalty Integration,
https://segment.com/catalog/integrations/source/voucherify/,Voucherify Integration,
https://segment.com/catalog/integrations/source/antavo/,Antavo Integration,
https://segment.com/catalog/integrations/destination/voucherify-actions/,Voucherify Integration,
https://segment.com/catalog/integrations/destination/talonone/,Talon.One Integration,
https://segment.com/catalog/integrations/destination/friendbuy/,Friendbuy Integration,
https://segment.com/catalog/integrations/source/yotpo/,Yotpo Integration,
https://segment.com/catalog/integrations/source/white-label-loyalty/,White Label Loyalty Integration,
https://segment.com/catalog/integrations/source/voucherify/,Voucherify Integration,
https://segment.com/catalog/integrations/source/sendgrid-marketing-campaigns/,SendGrid Marketing Campaigns Integration,
https://segment.com/catalog/integrations/source/radar/,Radar Integration,
https://segment.com/catalog/integrations/source/pushwoosh-source/,Pushwoosh Source Integration,
https://segment.com/catalog/integrations/source/provesource/,ProveSource Integration,
https://segment.com/catalog/integrations/source/paytronix/,Paytronix Integration,
https://segment.com/catalog/integrations/source/moesif-api-analytics-source/,Moesif API Monetization Integration,
https://segment.com/catalog/integrations/source/moengage-source/,MoEngage (Source) Integration,
https://segment.com/catalog/integrations/source/listrak/,Listrak Integration,
https://segment.com/catalog/integrations/source/inflection-source/,Inflection (Source) Integration,
https://segment.com/catalog/integrations/source/friendbuy-source/,Friendbuy Integration,
https://segment.com/catalog/integrations/source/foursquare-movement/,Foursquare Movement Integration,
https://segment.com/catalog/integrations/source/bluedot/,Bluedot Integration,
https://segment.com/catalog/integrations/source/aircall/,Aircall Integration,
https://segment.com/catalog/integrations/destination/xtremepush/,Xtremepush Integration,
https://segment.com/catalog/integrations/destination/wishpond/,Wishpond Integration,
https://segment.com/catalog/integrations/destination/windsor/,Windsor Integration,
https://segment.com/catalog/integrations/destination/wigzo/,Wigzo Integration,
https://segment.com/catalog/integrations/destination/whale-alerts/,Whalr Integration,
https://segment.com/catalog/integrations/destination/voucherify-actions/,Voucherify Integration,
https://segment.com/catalog/integrations/destination/variance/,Variance Integration,
https://segment.com/catalog/integrations/destination/userlist/,Userlist Integration,
https://segment.com/catalog/integrations/destination/upcall/,Upcall Integration,
https://segment.com/catalog/integrations/destination/tamber/,Tamber Integration,
https://segment.com/catalog/integrations/destination/stories/,Stories Integration,
https://segment.com/catalog/integrations/destination/startdeliver/,Startdeliver Integration,
https://segment.com/catalog/integrations/destination/selligent-marketing-cloud/,Selligent Marketing Cloud Integration,
https://segment.com/catalog/integrations/destination/segmetrics/,SegMetrics Integration,
https://segment.com/catalog/integrations/destination/salescamp-crm/,Salescamp CRM Integration,
https://segment.com/catalog/integrations/destination/sailthru-v2/,Sailthru v2 Integration,
https://segment.com/catalog/integrations/destination/saasquatch-v2/,SaaSquatch v2 Integration,
https://segment.com/catalog/integrations/destination/richpanel/,Richpanel Integration,
https://segment.com/catalog/integrations/destination/retina/,Retina Integration,
https://segment.com/catalog/integrations/destination/regal/,Regal.io Integration,
https://segment.com/catalog/integrations/destination/recombee-ai/,Recombee AI Integration,
https://segment.com/catalog/integrations/destination/prosperstack/,ProsperStack Integration,
https://segment.com/catalog/integrations/destination/proof/,Proof Experiences Integration,
https://segment.com/catalog/integrations/destination/productbird/,ProductBird Integration,
https://segment.com/catalog/integrations/destination/plotline/,Plotline Integration,
https://segment.com/catalog/integrations/destination/persistiq/,PersistIQ Integration,
https://segment.com/catalog/integrations/destination/ortto/,Ortto Integration,
https://segment.com/catalog/integrations/destination/noora/,Noora Integration,
https://segment.com/catalog/integrations/destination/ninetailed/,Ninetailed by Contentful Integration,
https://segment.com/catalog/integrations/destination/nat/,Nat Integration,
https://segment.com/catalog/integrations/destination/moesif-api-analytics/,Moesif API Monetization Integration,
https://segment.com/catalog/integrations/destination/markettailor/,Markettailor Integration,
https://segment.com/catalog/integrations/destination/lumen/,Lumen Integration,
https://segment.com/catalog/integrations/destination/liveintent-audiences/,LiveIntent Audiences Integration,
https://segment.com/catalog/integrations/destination/kustomer/,Kustomer Integration,
https://segment.com/catalog/integrations/destination/kitemetrics/,Kitemetrics Integration,
https://segment.com/catalog/integrations/destination/journy-io/,journy.io Integration,
https://segment.com/catalog/integrations/destination/jivox/,Jivox IQ Integration,
https://segment.com/catalog/integrations/destination/jimo/,Jimo Integration,
https://segment.com/catalog/integrations/destination/insider/,Insider Integration,
https://segment.com/catalog/integrations/destination/inflection/,Inflection Integration,
https://segment.com/catalog/integrations/destination/hydra/,Hydra Integration,
https://segment.com/catalog/integrations/destination/humanic-ai/,Humanic AI Integration,
https://segment.com/catalog/integrations/destination/gosquared/,GoSquared Integration,
https://segment.com/catalog/integrations/destination/gist/,Gist Integration,
https://segment.com/catalog/integrations/destination/funnelfox/,FunnelFox Integration,
https://segment.com/catalog/integrations/destination/funnelenvy/,FunnelEnvy Integration,
https://segment.com/catalog/integrations/destination/friendbuy/,Friendbuy Integration,
https://segment.com/catalog/integrations/destination/freshsales/,Freshsales Integration,
https://segment.com/catalog/integrations/destination/freshmarketer/,Freshmarketer Integration,
https://segment.com/catalog/integrations/destination/firebase/,Firebase Integration,
https://segment.com/catalog/integrations/destination/extole-platform/,Extole Integration,
https://segment.com/catalog/integrations/destination/everflow/,Everflow Integration,
https://segment.com/catalog/integrations/destination/enjoyhq/,EnjoyHQ Integration,
https://segment.com/catalog/integrations/destination/engage-messaging/,Engage Messaging Integration,
https://segment.com/catalog/integrations/destination/emarsys/,Emarsys Integration,
https://segment.com/catalog/integrations/destination/crowdpower/,CrowdPower Integration,
https://segment.com/catalog/integrations/destination/crisp/,Crisp Integration,
https://segment.com/catalog/integrations/destination/correlated/,Correlated Integration,
https://segment.com/catalog/integrations/destination/clearbrain/,ClearBrain Integration,
https://segment.com/catalog/integrations/destination/churned/,Churned Integration,
https://segment.com/catalog/integrations/destination/callingly/,Callingly Integration,
https://segment.com/catalog/integrations/destination/calixa/,Calixa Integration,
https://segment.com/catalog/integrations/destination/bytegain/,ByteGain Integration,
https://segment.com/catalog/integrations/destination/braze-cloud-mode-actions/,Braze Integration,
https://segment.com/catalog/integrations/destination/atrolabe/,Astrolabe Integration,
https://segment.com/catalog/integrations/destination/amberflo/,Amberflo Integration,
https://segment.com/catalog/integrations/destination/airship/,Airship Integration,
https://segment.com/catalog/integrations/destination/actions-xtremepush/,Xtremepush (Actions) Integration,
https://segment.com/catalog/integrations/destination/actions-stackadapt-cloud/,StackAdapt Integration,
https://segment.com/catalog/integrations/destination/actions-sendgrid/,SendGrid Integration,
https://segment.com/catalog/integrations/destination/actions-salesforce/,Salesforce Integration,
https://segment.com/catalog/integrations/destination/actions-recombee/,Recombee Integration,
https://segment.com/catalog/integrations/destination/actions-pushwoosh/,Pushwoosh Integration,
https://segment.com/catalog/integrations/destination/actions-podscribe/,Podscribe (Actions) Integration,
https://segment.com/catalog/integrations/destination/actions-pipedrive/,Actions Pipedrive Integration,
https://segment.com/catalog/integrations/destination/actions-ortto-audiences/,Ortto (Audiences) Integration,
https://segment.com/catalog/integrations/destination/actions-moengage/,MoEngage Integration,
https://segment.com/catalog/integrations/destination/actions-loops/,Loops Integration,
https://segment.com/catalog/integrations/destination/actions-livelike-cloud/,LiveLike Integration,
https://segment.com/catalog/integrations/destination/actions-listrak/,Listrak (Actions) Integration,
https://segment.com/catalog/integrations/destination/actions-klaviyo/,Klaviyo (Actions) Integration,
https://segment.com/catalog/integrations/destination/actions-iterate/,Iterate Web (Actions) Integration,
https://segment.com/catalog/integrations/destination/actions-hubspot-cloud/,HubSpot Integration,
https://segment.com/catalog/integrations/destination/actions-cordial/,Cordial Integration,
https://segment.com/catalog/integrations/destination/actions-clevertap/,Clevertap (Actions) Integration,
https://segment.com/catalog/integrations/destination/actions-antavo/,Antavo (Actions) Integration,
https://segment.com/catalog/integrations/destination/actions-acoustic/,Acoustic (Actions) Integration,
https://segment.com/catalog/integrations/destination/actions-accoil-analytics/,Accoil Analytics Integration,
https://segment.com/catalog/integrations/destination/aampe/,Aampe Integration,
https://segment.com/catalog/integrations/destination/1flow/,1Flow Integration,
https://segment.com/catalog/integrations/destination/1flow-mobile-plugin/,1Flow Mobile Plugin Integration,
https://segment.com/catalog/integrations/source/swift/,Swift (iOS) Integration,
https://segment.com/catalog/integrations/source/kotlin-android/,Kotlin (Android) Integration,
https://segment.com/catalog/integrations/destination/actions-logrocket/,LogRocket Integration,
https://segment.com/catalog/integrations/source/twilio/,Twilio Integration,
https://segment.com/catalog/integrations/source/onesignal/,OneSignal Integration,
https://segment.com/catalog/integrations/source/moengage-source/,MoEngage (Source) Integration,
https://segment.com/catalog/integrations/source/listrak/,Listrak Integration,
https://segment.com/catalog/integrations/source/commandbar/,CommandBar Integration,
https://segment.com/catalog/integrations/destination/zaius/,Zaius Integration,
https://segment.com/catalog/integrations/destination/xtremepush/,Xtremepush Integration,
https://segment.com/catalog/integrations/destination/wigzo/,Wigzo Integration,
https://segment.com/catalog/integrations/destination/webengage/,WebEngage Integration,
https://segment.com/catalog/integrations/destination/vero/,Vero Integration,
https://segment.com/catalog/integrations/destination/user-com/,User.com Integration,
https://segment.com/catalog/integrations/destination/tamber/,Tamber Integration,
https://segment.com/catalog/integrations/destination/swrve/,Swrve Integration,
https://segment.com/catalog/integrations/destination/signl4-alerting/,SIGNL4 Alerting Integration,
https://segment.com/catalog/integrations/destination/selligent-marketing-cloud/,Selligent Marketing Cloud Integration,
https://segment.com/catalog/integrations/destination/sailthru-v2/,Sailthru v2 Integration,
https://segment.com/catalog/integrations/destination/regal/,Regal.io Integration,
https://segment.com/catalog/integrations/destination/msg91/,MSG91 Integration,
https://segment.com/catalog/integrations/destination/lumen/,Lumen Integration,
https://segment.com/catalog/integrations/destination/localytics/,Localytics Integration,
https://segment.com/catalog/integrations/destination/leanplum/,Leanplum Integration,
https://segment.com/catalog/integrations/destination/kahuna/,Kahuna Integration,
https://segment.com/catalog/integrations/destination/iterable/,Iterable Integration,
https://segment.com/catalog/integrations/destination/insider/,Insider Integration,
https://segment.com/catalog/integrations/destination/flurry/,Flurry Integration,
https://segment.com/catalog/integrations/destination/emma/,EMMA Integration,
https://segment.com/catalog/integrations/destination/customer-io-actions/,Customer.io Integration,
https://segment.com/catalog/integrations/destination/courier/,Courier Integration,
https://segment.com/catalog/integrations/destination/clevertap/,CleverTap Integration,
https://segment.com/catalog/integrations/destination/callingly/,Callingly Integration,
https://segment.com/catalog/integrations/destination/braze-cloud-mode-actions/,Braze Integration,
https://segment.com/catalog/integrations/destination/blueshift/,Blueshift Integration,
https://segment.com/catalog/integrations/destination/beamer/,Beamer Integration,
https://segment.com/catalog/integrations/destination/attentive-mobile/,Attentive Mobile Integration,
https://segment.com/catalog/integrations/destination/airship/,Airship Integration,
https://segment.com/catalog/integrations/destination/actions-postscript/,Postscript Integration,
https://segment.com/catalog/integrations/destination/actions-moengage/,MoEngage Integration,
https://segment.com/catalog/integrations/destination/actions-listrak/,Listrak (Actions) Integration,
https://segment.com/catalog/integrations/destination/actions-klaviyo/,Klaviyo (Actions) Integration,
https://segment.com/catalog/integrations/destination/actions-iterable/,Iterable (Actions) Integration,
https://segment.com/catalog/integrations/destination/actions-cordial/,Cordial Integration,
https://segment.com/catalog/integrations/destination/actions-clevertap/,Clevertap (Actions) Integration,
https://segment.com/catalog/integrations/destination/actions-batch/,Batch (Actions) Integration,
https://segment.com/catalog/integrations/destination/aampe/,Aampe Integration,
https://segment.com/catalog/integrations/destination/2mee/,2mee Integration,
https://segment.com/catalog/integrations/destination/trafficguard/,TrafficGuard Integration,
https://segment.com/catalog/integrations/destination/signl4-alerting/,SIGNL4 Alerting Integration,
https://segment.com/catalog/integrations/destination/castle/,Castle Integration,
https://segment.com/catalog/integrations/destination/actions-rupt/,Rupt Integration,
https://segment.com/catalog/integrations/destination/snowflake/,Snowflake Integration,
https://segment.com/catalog/integrations/destination/redshift/,Redshift Integration,
https://segment.com/catalog/integrations/destination/postgres/,Postgres Integration,
https://segment.com/catalog/integrations/destination/db2/,IBM Db2 Integration,
https://segment.com/catalog/integrations/destination/bigquery/,BigQuery Integration,
https://segment.com/catalog/integrations/destination/azuresqldw/,Azure SQL Data Warehouse Integration,
https://segment.com/catalog/integrations/source/vimeo/,Vimeo Integration,
https://segment.com/catalog/integrations/source/commandbar/,CommandBar Integration,
https://segment.com/catalog/integrations/destination/youtube/,YouTube Integration,
https://segment.com/catalog/integrations/destination/youbora/,Youbora Integration,
https://segment.com/catalog/integrations/destination/parsely/,Parse.ly Integration,
https://segment.com/catalog/integrations/destination/nielsen-dcr/,Nielsen DCR Integration,
https://segment.com/catalog/integrations/destination/comscore/,comScore Integration,
https://segment.com/catalog/integrations/destination/chartbeat/,Chartbeat Integration,
https://segment.com/catalog/integrations/destination/adobe-video-heartbeat/,Adobe Video Heartbeat Integration,
https://segment.com/catalog/integrations/destination/adobe-analytics/,Adobe Analytics Integration,
https://segment.com/catalog/integrations/destination/2mee/,2mee Integration,
https://segment.com/catalog/integrations/destination/1flow-mobile-plugin/,1Flow Mobile Plugin Integration,
https://segment.com/catalog/integrations/source/zigpoll/,Zigpoll Integration,
https://segment.com/catalog/integrations/source/wootric/,InMoment (formerly Wootric) Source Integration,
https://segment.com/catalog/integrations/source/userguiding/,UserGuiding Integration,
https://segment.com/catalog/integrations/source/qualtrics/,Qualtrics Integration,
https://segment.com/catalog/integrations/source/produktly/,Produktly Integration,
https://segment.com/catalog/integrations/source/jebbit/,Jebbit Integration,
https://segment.com/catalog/integrations/source/commandbar/,CommandBar Integration,
https://segment.com/catalog/integrations/source/amplitude-cohorts/,Amplitude Cohorts Integration,
https://segment.com/catalog/integrations/destination/wootric-by-inmoment/,InMoment (formerly Wootric) Integration,
https://segment.com/catalog/integrations/destination/webengage/,WebEngage Integration,
https://segment.com/catalog/integrations/destination/walkme/,WalkMe Integration,
https://segment.com/catalog/integrations/destination/uservoice/,UserVoice Integration,
https://segment.com/catalog/integrations/destination/userleap/,Sprig Cloud Integration,
https://segment.com/catalog/integrations/destination/useriq/,UserIQ Integration,
https://segment.com/catalog/integrations/destination/trustpilot/,Trustpilot Integration,
https://segment.com/catalog/integrations/destination/survicate/,Survicate Integration,
https://segment.com/catalog/integrations/destination/stonly/,Stonly Integration,
https://segment.com/catalog/integrations/destination/screeb/,Screeb Integration,
https://segment.com/catalog/integrations/destination/savio/,Savio Integration,
https://segment.com/catalog/integrations/destination/satismeter/,SatisMeter Integration,
https://segment.com/catalog/integrations/destination/retently/,Retently Integration,
https://segment.com/catalog/integrations/destination/refiner/,Refiner Integration,
https://segment.com/catalog/integrations/destination/refiner-stream/,Refiner-Stream Integration,
https://segment.com/catalog/integrations/destination/ramen/,Ramen Integration,
https://segment.com/catalog/integrations/destination/qualaroo/,Qualaroo Integration,
https://segment.com/catalog/integrations/destination/prosperstack/,ProsperStack Integration,
https://segment.com/catalog/integrations/destination/productbird/,ProductBird Integration,
https://segment.com/catalog/integrations/destination/pendo/,Pendo Integration,
https://segment.com/catalog/integrations/destination/noora/,Noora Integration,
https://segment.com/catalog/integrations/destination/lucky-orange/,Lucky Orange Integration,
https://segment.com/catalog/integrations/destination/jimo/,Jimo Integration,
https://segment.com/catalog/integrations/destination/hubble-web/,Hubble (Actions) Integration,
https://segment.com/catalog/integrations/destination/gainsight-px/,Gainsight PX Integration,
https://segment.com/catalog/integrations/destination/delighted/,Delighted Integration,
https://segment.com/catalog/integrations/destination/blitzllama/,Blitzllama Integration,
https://segment.com/catalog/integrations/destination/beamer/,Beamer Integration,
https://segment.com/catalog/integrations/destination/auryc/,Auryc Integration,
https://segment.com/catalog/integrations/destination/actions-trackey/,Trackey Integration,
https://segment.com/catalog/integrations/destination/actions-survicate/,Survicate (Actions) Integration,
https://segment.com/catalog/integrations/destination/actions-screeb-web/,Screeb Web (Actions) Integration,
https://segment.com/catalog/integrations/destination/actions-qualtrics/,Qualtrics Integration,
https://segment.com/catalog/integrations/destination/actions-pendo-web/,Pendo Web (Actions) Integration,
https://segment.com/catalog/integrations/destination/actions-jimo/,Jimo (Actions) Integration,
https://segment.com/catalog/integrations/destination/actions-iterate/,Iterate Web (Actions) Integration,
https://segment.com/catalog/integrations/destination/actions-gainsight-px-cloud/,Gainsight Px Cloud (Actions) Integration,
https://segment.com/catalog/integrations/destination/actions-canny/,Canny Integration,
https://segment.com/catalog/integrations/destination/actions-amplitude/,Amplitude Integration,
https://segment.com/catalog/integrations/destination/actions-1flow/,1Flow Web (Actions) Integration,
https://segment.com/catalog/integrations/destination/1flow/,1Flow Integration,
https://segment.com/catalog/integrations/destination/1flow-mobile-plugin/,1Flow Mobile Plugin Integration,
https://segment.com/catalog/integrations/destination/snowflake/,Snowflake Integration,
https://segment.com/catalog/integrations/destination/redshift/,Redshift Integration,
https://segment.com/catalog/integrations/destination/postgres/,Postgres Integration,
https://segment.com/catalog/integrations/destination/google-cloud-storage/,Google Cloud Storage Integration,
https://segment.com/catalog/integrations/destination/db2/,IBM Db2 Integration,
https://segment.com/catalog/integrations/destination/data-lakes/,Data Lakes Integration,
https://segment.com/catalog/integrations/destination/bigquery/,BigQuery Integration,
https://segment.com/catalog/integrations/destination/azuresqldw/,Azure SQL Data Warehouse Integration,
https://segment.com/catalog/integrations/destination/amazon-s3/,Amazon S3 Integration,
