Reference Link,Website URL,Status
https://ecosystem.hubspot.com/marketplace/solutions/makewebbetter,https://makewebbetter.com/hubspot-elite-solutions-partner/?utm_source=mwb+&utm_medium=directory_page&utm_campaign=hsmarketplace+,Success
https://ecosystem.hubspot.com/marketplace/solutions/bluleadz,https://www.bluleadz.com/hubspot-partner,Success
https://ecosystem.hubspot.com/marketplace/solutions/new-breed,https://www.newbreedrevenue.com/hubspot-partner-consultation,Success
https://ecosystem.hubspot.com/marketplace/solutions/avidly,https://www.avidlyagency.com/hubspot-directory,Success
https://ecosystem.hubspot.com/marketplace/solutions/salted-stone-inc,https://www.saltedstone.com/,Success
https://ecosystem.hubspot.com/marketplace/solutions/instrumental,https://www.instrumental.net/elite-hubspot-agency,Success
https://ecosystem.hubspot.com/marketplace/solutions/revpartners,https://revpartners.io/elite-hubspot-solutions-partner,Success
https://ecosystem.hubspot.com/marketplace/solutions/bright-digital,https://www.brightdigital.com/en/hubspot/hubspot-ecosystem,Success
https://ecosystem.hubspot.com/marketplace/solutions/juice-tactics-hubsnacks,https://www.hubsnacks.com/,Success
https://ecosystem.hubspot.com/marketplace/solutions/impact,https://www.impactplus.com/services/hubspot-training,Success
https://ecosystem.hubspot.com/marketplace/solutions/huble-digital,https://huble.com/hubspot-elite-solutions-partner,Success
https://ecosystem.hubspot.com/marketplace/solutions/media-junction,https://www.mediajunction.com/,Success
https://ecosystem.hubspot.com/marketplace/solutions/bbd-boom,https://www.bbdboom.com/hubspot-agency-uk-?utm_source=HubSpot+Partner+Directory+Listing&utm_campaign=Partner+Directory&utm_id=HubSpot+Partner+Directory,Success
https://ecosystem.hubspot.com/marketplace/solutions/aptitude8,https://hubs.ly/H0sQJs20,Success
https://ecosystem.hubspot.com/marketplace/solutions/blue-frog-crm-platform-revenue-growth-consultants,https://www.bluefrogdm.com/hubspot-solutions-partner,Success
https://ecosystem.hubspot.com/marketplace/solutions/pyb,https://hubs.ly/Q01P46Nn0,Success
https://ecosystem.hubspot.com/marketplace/solutions/babelquest,https://www.babelquest.co.uk/hubspot-partner-directory-referral,Success
https://ecosystem.hubspot.com/marketplace/solutions/campaign-creators,https://www.campaigncreators.com/hubspot-agency,Success
https://ecosystem.hubspot.com/marketplace/solutions/prosperohub,https://www.prosperohub.com/,Success
https://ecosystem.hubspot.com/marketplace/solutions/growtomation-in,https://hubs.ly/Q03ln-gk0,Success
https://ecosystem.hubspot.com/marketplace/solutions/conversion-crew,https://www.conversioncrew.com/,Success
https://ecosystem.hubspot.com/marketplace/solutions/systony,https://systony.nl/,Success
https://ecosystem.hubspot.com/marketplace/solutions/syncmatters,https://syncmatters.com/hubspot-services,Success
https://ecosystem.hubspot.com/marketplace/solutions/engaging-io,http://info.engaging.io/hubspot-agency-listing,Success
https://ecosystem.hubspot.com/marketplace/solutions/elixir-solutions,http://www.elixir-solutions.net/,Success
https://ecosystem.hubspot.com/marketplace/solutions/bayard-bradford,https://bayardbradford.com/hubspot,Success
https://ecosystem.hubspot.com/marketplace/solutions/nexacognition,https://nexacognition.com/,Success
https://ecosystem.hubspot.com/marketplace/solutions/hype-dexter,https://hubs.li/Q01t9d0N0,Success
https://ecosystem.hubspot.com/marketplace/solutions/spitfire-inbound,https://www.spitfireinbound.com/,Success
https://ecosystem.hubspot.com/marketplace/solutions/fastslowmotion,https://www.fastslowmotion.com/,Success
https://ecosystem.hubspot.com/marketplace/solutions/kongo-industries,https://www.hellokongo.com/,Success
https://ecosystem.hubspot.com/marketplace/solutions/smartbug-media,https://www.smartbugmedia.com/full-service-digital-agency-hubspot?utm_campaign=Partner%20Marketing&utm_source=HubSpot%20Directory&utm_content=HubSpot%20Agency%20LP%20v2,Success
https://ecosystem.hubspot.com/marketplace/solutions/markentive,https://www.markentive.com/en,Success
https://ecosystem.hubspot.com/marketplace/solutions/onthefuze,https://www.onthefuze.com/,Success
https://ecosystem.hubspot.com/marketplace/solutions/digitalj2,https://digitalj2.com/?utm_campaign=HubSpot&utm_source=HubSpot%20Directory%20Page,Success
https://ecosystem.hubspot.com/marketplace/solutions/mkt4edu-crm-sales-ai,https://www.mkt4edu.com/,Success
https://ecosystem.hubspot.com/marketplace/solutions/agence-copernic,https://www.agence-copernic.fr/copernic-partenaire-hubspot-marketing-sale-crm?utm_campaign=market_2024-annuel_partner-directory&utm_medium=hubspot&utm_source=partner-directory&utm_content=null&utm_term=null&utm_category=nearbound,Success
https://ecosystem.hubspot.com/marketplace/solutions/cetrixcloudservices,https://www.cetdigit.com/hubspot-services,Success
https://ecosystem.hubspot.com/marketplace/solutions/vonazon,https://vonazon.com/mar-tech-sales/hubspot-elite-partner/,Success
https://ecosystem.hubspot.com/marketplace/solutions/webs-b2b-inbound-marketing-sales,http://www.webs.nl/en,Success
https://ecosystem.hubspot.com/marketplace/solutions/makethegrade,https://www.makethegrade.fr/,Success
https://ecosystem.hubspot.com/marketplace/solutions/triario-agencia-de-inbound-marketing,https://www.triario.co/en,Success
https://ecosystem.hubspot.com/marketplace/solutions/digitalisim-fr,https://www.digitalisim.fr/agence-partenaire-hubspot,Success
https://ecosystem.hubspot.com/marketplace/solutions/accelant-growth,https://info.accelant.com/hubspot-solution-partner-contact-us,Success
https://ecosystem.hubspot.com/marketplace/solutions/black-and-orange,https://www.black-n-orange.com/,Success
https://ecosystem.hubspot.com/marketplace/solutions/hal-company-s-a,https://www.hal.company/,Success
https://ecosystem.hubspot.com/marketplace/solutions/fuelius,,Website URL Not Found
https://ecosystem.hubspot.com/marketplace/solutions/mo-agency,,"Error HTTPConnectionPool(host='localhost', port=54509): Read timed out. (read timeout=120)"
https://ecosystem.hubspot.com/marketplace/solutions/dinterweb,,"Error HTTPConnectionPool(host='localhost', port=54509): Read timed out. (read timeout=120)"
https://ecosystem.hubspot.com/marketplace/solutions/six-flow,https://www.sixandflow.com/,Success
https://ecosystem.hubspot.com/marketplace/solutions/digifianz,https://www.digifianz.com/,Success
https://ecosystem.hubspot.com/marketplace/solutions/leadstreet,https://www.leadstreet.be/en/contact,Success
https://ecosystem.hubspot.com/marketplace/solutions/cyberclick,https://www.cyberclick.es/contacto,Success
https://ecosystem.hubspot.com/marketplace/solutions/agencia-digital-cebra,https://www.cebra.com/es/landing-hubspot,Success
https://ecosystem.hubspot.com/marketplace/solutions/impresoftengage-srl,https://www.impresoftengage.com/,Success
https://ecosystem.hubspot.com/marketplace/solutions/the-operations-company,https://theoperationscompany.com/,Success
https://ecosystem.hubspot.com/marketplace/solutions/unlimited-tech-solutions,https://hubs.la/Q01WDTVh0,Success
https://ecosystem.hubspot.com/marketplace/solutions/set2close,https://set2close.io/,Success
https://ecosystem.hubspot.com/marketplace/solutions/hook-digital,https://www.hookdig.com/hubspot-elite-partner,Success
https://ecosystem.hubspot.com/marketplace/solutions/1406-consulting,https://www.1406consulting.com/,Success
https://ecosystem.hubspot.com/marketplace/solutions/periti-digital,https://peritidigital.com/your-elite-partner?utm_source=HubSpot&utm_medium=Portal&utm_campaign=Partner,Success
https://ecosystem.hubspot.com/marketplace/solutions/6minded,https://www.6minded.com/,Success
https://ecosystem.hubspot.com/marketplace/solutions/businessweb,https://www.businessweb.pl/,Success
https://ecosystem.hubspot.com/marketplace/solutions/grows,https://www.grows.pro/husbpot-partner,Success
https://ecosystem.hubspot.com/marketplace/solutions/nexforce,https://www.nexforce.co/,Success
https://ecosystem.hubspot.com/marketplace/solutions/mole-street-growth-marketing,https://www.molestreet.com/,Success
https://ecosystem.hubspot.com/marketplace/solutions/wendt-partners,http://www.wendtpartners.com/,Success
https://ecosystem.hubspot.com/marketplace/solutions/struto,https://www.struto.io/,Success
https://ecosystem.hubspot.com/marketplace/solutions/www-digital360-it,https://www.dmep.it/digital360-agenzia-hubspot-diamond-partner,Success
https://ecosystem.hubspot.com/marketplace/solutions/sector,https://www.sectorgrowth.com/,Success
https://ecosystem.hubspot.com/marketplace/solutions/1min30tech,https://www.1min30.com/,Success
https://ecosystem.hubspot.com/marketplace/solutions/tropical-hub,https://www.tropicalhub.co/,Success
https://ecosystem.hubspot.com/marketplace/solutions/progresus-co,https://landings.progresus.co/hubspot,Success
https://ecosystem.hubspot.com/marketplace/solutions/helionb2b,https://www.helionb2b.com/hubspot-services,Success
https://ecosystem.hubspot.com/marketplace/solutions/quattro,https://www.quattro.co.uk/,Success
https://ecosystem.hubspot.com/marketplace/solutions/konzepthaus-web-solutions-gmbh,https://www.konzepthaus-ws.de/,Success
https://ecosystem.hubspot.com/marketplace/solutions/envy-revops-digital-marketing,https://goenvy.io/,Success
https://ecosystem.hubspot.com/marketplace/solutions/invise,https://www.invise.se/en/hubspot-partner,Success
https://ecosystem.hubspot.com/marketplace/solutions/trialta,https://www.trialta.de/hubspot-partner,Success
https://ecosystem.hubspot.com/marketplace/solutions/growth-sales-marketing-agency,https://www.growthoperationsfirm.com/,Success
https://ecosystem.hubspot.com/marketplace/solutions/pixel-lab,https://pixel-lab.uk/,Success
https://ecosystem.hubspot.com/marketplace/solutions/centralise,https://www.centralise.com/,Success
https://ecosystem.hubspot.com/marketplace/solutions/inside-center,https://insidecenter.com.br/solucoes/tecnologias/?utm_source=paghubspot,Success
https://ecosystem.hubspot.com/marketplace/solutions/insidea,https://insidea.com/hubspot-onboarding/,Success
https://ecosystem.hubspot.com/marketplace/solutions/transfunnel-consulting-pvt-ltd,https://www.transfunnel.com/hubspot-services/?utm_campaign=Hubspot%20Directory&utm_source=hs_listing&utm_medium=hs_listing&utm_term=hubspot%20services,Success
https://ecosystem.hubspot.com/marketplace/solutions/square-2-marketing,https://www.square2marketing.com/,Success
https://ecosystem.hubspot.com/marketplace/solutions/web-canopy-studio,https://www.webcanopystudio.com/listing,Success
https://ecosystem.hubspot.com/marketplace/solutions/simple-strat,https://simplestrat.com/?utm_campaign=HubSpot%20Partner%20Directory&utm_source=HubSpot%20Directory,Success
https://ecosystem.hubspot.com/marketplace/solutions/contentninja-in,https://boundary.agency/hubspot,Success
https://ecosystem.hubspot.com/marketplace/solutions/impulse-creative,https://www.impulsecreative.com/?ref=partner_directory,Success
https://ecosystem.hubspot.com/marketplace/solutions/thinkfuel-marketing,https://www.thinkfuel.ca/,Success
https://ecosystem.hubspot.com/marketplace/solutions/neighbourhood,https://www.nbh.co/neighbourhood-hubspot-partner-agency,Success
https://ecosystem.hubspot.com/marketplace/solutions/andweekly,https://www.andweekly.com/de/services/technology?utm_campaign=andweekly%20-%20HubSpot%202024&utm_source=Solutions%20Directory,Success
https://ecosystem.hubspot.com/marketplace/solutions/synx,https://www.synx.com.au/hubspot-implementation,Success
https://ecosystem.hubspot.com/marketplace/solutions/pinetco,https://www.pinetco.com/de/leadgenerierung-hubspot?utm_campaign=3757704-DemandGen&utm_source=hubspot&utm_medium=partnerprofil,Success
https://ecosystem.hubspot.com/marketplace/solutions/concentrate,https://www.concentrate.co.nz/hubspot-elite-partner,Success
https://ecosystem.hubspot.com/marketplace/solutions/hububble,https://www.hububble.co/,Success
https://ecosystem.hubspot.com/marketplace/solutions/pyxis-growth-partners,https://www.pyxisgrowth.com/,Success
https://ecosystem.hubspot.com/marketplace/solutions/niswey,https://www.niswey.com/,Success
https://ecosystem.hubspot.com/marketplace/solutions/k3-media,https://www.parkour3.com/implementation-et-accompagnement-hubspot/,Success
https://ecosystem.hubspot.com/marketplace/solutions/www-teamcloudsource-com,https://www.teamcloudsource.com/,Success
https://ecosystem.hubspot.com/marketplace/solutions/growth-fuel-consulting,https://www.growthfuelconsulting.com/,Success
https://ecosystem.hubspot.com/marketplace/solutions/shkubo-cmo-services-pvt-ltd,https://www.blueoshan.com/,Success
https://ecosystem.hubspot.com/marketplace/solutions/chilidigital,http://www.chili.ch/,Success
https://ecosystem.hubspot.com/marketplace/solutions/cronyxdigital-com,https://www.cronyxdigital.com/,Success
https://ecosystem.hubspot.com/marketplace/solutions/origin-63,https://origin63.com/,Success
https://ecosystem.hubspot.com/marketplace/solutions/girikon,https://www.girikon.com/,Success
https://ecosystem.hubspot.com/marketplace/solutions/revops-automated,https://revopsautomated.com/services/hubspot-onboarding-implementation,Success
https://ecosystem.hubspot.com/marketplace/solutions/amwhiz,https://www.amwhiz.com/,Success
https://ecosystem.hubspot.com/marketplace/solutions/oxygen-strategic-partners,https://www.chooseoxygen.com/,Success
https://ecosystem.hubspot.com/marketplace/solutions/concept-services,https://conceptltd.com/,Success
https://ecosystem.hubspot.com/marketplace/solutions/learners,https://www.learners.ai/,Success
https://ecosystem.hubspot.com/marketplace/solutions/revenue-conduit,https://hubs.ly/H0ryWjv0,Success
https://ecosystem.hubspot.com/marketplace/solutions/vested,https://www.vested.marketing/,Success
https://ecosystem.hubspot.com/marketplace/solutions/srpro,https://srpro.marketing/,Success
https://ecosystem.hubspot.com/marketplace/solutions/peak,https://peak-strategy.ai/,Success
https://ecosystem.hubspot.com/marketplace/solutions/imagine-business-development,https://www.liftenablement.com/,Success
https://ecosystem.hubspot.com/marketplace/solutions/exelab-s-r-l,https://www.exelab.com/?utm_source=HubSpot+Directory&utm_medium=Directory&utm_campaign=HubSpot+Directory&utm_id=HubSpot+Directory,Success
https://ecosystem.hubspot.com/marketplace/solutions/woven,https://woven.sg/,Success
https://ecosystem.hubspot.com/marketplace/solutions/posizionate-inbound-marketing,https://www.posizionate.com/,Success
https://ecosystem.hubspot.com/marketplace/solutions/thorit-gmbh,https://www.thorit.de/,Success
https://ecosystem.hubspot.com/marketplace/solutions/akoperations,http://www.akoperations.com/,Success
https://ecosystem.hubspot.com/marketplace/solutions/scalestation,https://scalestation.io/,Success
https://ecosystem.hubspot.com/marketplace/solutions/uplaunch,https://uplaunch.com.au/,Success
https://ecosystem.hubspot.com/marketplace/solutions/inbound-value,https://www.inboundvalue.com/fr/agence-hubspot,Success
https://ecosystem.hubspot.com/marketplace/solutions/inboundcycle,https://inboundmarketing.inboundcycle.com/en/inbound-agency-hubspot-partners?utm_campaign=Mision%20Elite%20-%20Sold&utm_source=hubspot%20solutions%20partner,Success
https://ecosystem.hubspot.com/marketplace/solutions/hypha-development,https://www.hyphadev.io/hubspot-portal-audit,Success
https://ecosystem.hubspot.com/marketplace/solutions/scaleops,https://www.scaleops.co/lets-talk-hubspot,Success
https://ecosystem.hubspot.com/marketplace/solutions/kuno-creative,https://www.kunocreative.com/hubspot-partner,Success
https://ecosystem.hubspot.com/marketplace/solutions/ideagency,https://www.ideagency.fr/partenaire-hubspot,Success
https://ecosystem.hubspot.com/marketplace/solutions/cuex,https://hubs.ly/H0mTX600,Success
https://ecosystem.hubspot.com/marketplace/solutions/orange-marketing,https://info.orangemarketing.com/b2b-hubspot-agency?utm_campaign=2024-HubSpot-Directory&utm_source=Partner-Page&utm_content=V2,Success
https://ecosystem.hubspot.com/marketplace/solutions/penguin-strategies-the-b2b-tech-marketers,https://www.penguinstrategies.com/penguin-hubspot-implementation-services,Success
https://ecosystem.hubspot.com/marketplace/solutions/kiwi-creative,https://kiwicreative.net/,Success
https://ecosystem.hubspot.com/marketplace/solutions/hive-digital-strategy,https://www.hivestrategy.com/hubspot,Success
https://ecosystem.hubspot.com/marketplace/solutions/elefantemarketingsolutions,https://elefanterevops.com/,Success
https://ecosystem.hubspot.com/marketplace/solutions/blend-marketing,https://www.blendb2b.com/hubspot-website-design,Success
https://ecosystem.hubspot.com/marketplace/solutions/100inc-jp,https://www.100inc.co.jp/,Success
https://ecosystem.hubspot.com/marketplace/solutions/pearagon-com,https://www.pearagon.com/?utm_campaign=Directory%20Page&utm_source=Directory%20Page,Success
https://ecosystem.hubspot.com/marketplace/solutions/evenbound,https://evenbound.com/?utm_campaign=10303307-HubSpot%20%7C%20Solutions%20Directory%20Profile&utm_source=directory&utm_medium=referral&utm_term=HubSpot,Success
https://ecosystem.hubspot.com/marketplace/solutions/market-veep,https://marketveep.com/,Success
https://ecosystem.hubspot.com/marketplace/solutions/www-mlxdigitalmarketing-com,https://www.mlxdigitalmarketing.com/contact/,Success
https://ecosystem.hubspot.com/marketplace/solutions/digitaweb-inbound-sales-and-crm-lovers,https://www.digitaweb.com/,Success
https://ecosystem.hubspot.com/marketplace/solutions/hubgem,https://hubgem.co.uk/,Success
https://ecosystem.hubspot.com/marketplace/solutions/inboundfintech,https://www.inboundfintech.com/,Success
https://ecosystem.hubspot.com/marketplace/solutions/manobyte,https://www.manobyte.com/contact-us,Success
https://ecosystem.hubspot.com/marketplace/solutions/marketing-management-io,https://www.marketing-management.io/,Success
https://ecosystem.hubspot.com/marketplace/solutions/bryant-works,https://bryantworks.com/,Success
https://ecosystem.hubspot.com/marketplace/solutions/lupo-digital,https://www.lupodigital.com/,Success
https://ecosystem.hubspot.com/marketplace/solutions/redpandas,https://www.redpandas.com.au/,Success
https://ecosystem.hubspot.com/marketplace/solutions/cixon-de,https://cixon.de/,Success
https://ecosystem.hubspot.com/marketplace/solutions/no-bounds-digital,https://www.noboundsdigital.com/contact-us,Success
https://ecosystem.hubspot.com/marketplace/solutions/processproconsulting-com,https://www.processproconsulting.com/,Success
https://ecosystem.hubspot.com/marketplace/solutions/mbudo,http://www.mbudo.com/,Success
https://ecosystem.hubspot.com/marketplace/solutions/kaksio-labs,https://www.kaks.io/hubspot-services,Success
https://ecosystem.hubspot.com/marketplace/solutions/open-flow,https://openflow.inc/,Success
https://ecosystem.hubspot.com/marketplace/solutions/axon-garside,https://www.axongarside.com/hubspot-crm-implementation,Success
https://ecosystem.hubspot.com/marketplace/solutions/rd-informatique,https://www.yeswesales.com/,Success
https://ecosystem.hubspot.com/marketplace/solutions/primocoding-com,https://www.primocoding.com/free-consultation?Source=Directory%20Profile,Success
https://ecosystem.hubspot.com/marketplace/solutions/fuerstvonmartin-de,https://fuerstvonmartin.de/,Success
https://ecosystem.hubspot.com/marketplace/solutions/advance-b2b-oy,https://www.advanceb2b.com/,Success
https://ecosystem.hubspot.com/marketplace/solutions/karmandigital,https://www.karman.digital/,Success
https://ecosystem.hubspot.com/marketplace/solutions/levr,https://www.levr.de/,Success
https://ecosystem.hubspot.com/marketplace/solutions/denamico-inc,https://hubs.li/Q017RVML0,Success
https://ecosystem.hubspot.com/marketplace/solutions/harvest-roi,https://www.harvestroi.com/,Success
https://ecosystem.hubspot.com/marketplace/solutions/bee-digital,https://www.bee.digital/hubspot-as-a-service,Success
https://ecosystem.hubspot.com/marketplace/solutions/okedito-agence-partenaire,https://www.okedito.com/hubspot/agence-hubspot-crm/,Success
https://ecosystem.hubspot.com/marketplace/solutions/leadg2,http://www.leadg2.com/,Success
https://ecosystem.hubspot.com/marketplace/solutions/brandreach-kg,https://www.brandreach.at/,Success
https://ecosystem.hubspot.com/marketplace/solutions/interius,https://interius.com.mx/,Success
https://ecosystem.hubspot.com/marketplace/solutions/nile,https://www.agencenile.com/fr/agence-partenaire-hubspot,Success
https://ecosystem.hubspot.com/marketplace/solutions/www-officers-fr,https://www.officers.fr/?utm_source=hubspot&utm_medium=referral&utm_campaign=partner_profile,Success
https://ecosystem.hubspot.com/marketplace/solutions/themoderategenius,https://themoderategenius.com/,Success
https://ecosystem.hubspot.com/marketplace/solutions/spidergroup-co-uk,https://www.spiderdigital.co.uk/hubspot-partner-agency,Success
https://ecosystem.hubspot.com/marketplace/solutions/yourbiz-srl,https://www.yourbiz.it/,Success
https://ecosystem.hubspot.com/marketplace/solutions/growthlondon-uk,https://www.growthlondon.uk/,Success
https://ecosystem.hubspot.com/marketplace/solutions/bonana,http://www.bonana.com/,Success
https://ecosystem.hubspot.com/marketplace/solutions/sage,https://www.sagemarketing.io/extra-services/marketing-automation/,Success
https://ecosystem.hubspot.com/marketplace/solutions/mi4,https://hubs.la/Q01NvkcL0,Success
https://ecosystem.hubspot.com/marketplace/solutions/mkt4sales,https://www.mkt4sales.com/implementacao-hubspot,Success
